<?xml version="1.0" encoding="UTF-8"?>
<root>
  <item name="android.support.v7.widget.RecyclerView.ItemAnimator android.support.v7.widget.RecyclerView.ItemAnimator.ItemHolderInfo recordPreLayoutInformation(android.support.v7.widget.RecyclerView.State, android.support.v7.widget.RecyclerView.ViewHolder, int, java.util.List&lt;java.lang.Object&gt;) 2">
    <annotation name="android.support.annotation.IntDef">
      <val name="flag" val="true" />
      <val name="value" val="{android.support.v7.widget.RecyclerView.ItemAnimator.FLAG_CHANGED, android.support.v7.widget.RecyclerView.ItemAnimator.FLAG_REMOVED, android.support.v7.widget.RecyclerView.ItemAnimator.FLAG_MOVED, android.support.v7.widget.RecyclerView.ItemAnimator.FLAG_INVALIDATED, android.support.v7.widget.RecyclerView.ItemAnimator.FLAG_APPEARED_IN_PRE_LAYOUT}" />
    </annotation>
  </item>
  <item name="android.support.v7.widget.RecyclerView.ItemAnimator int buildAdapterChangeFlagsForAnimations(android.support.v7.widget.RecyclerView.ViewHolder)">
    <annotation name="android.support.annotation.IntDef">
      <val name="flag" val="true" />
      <val name="value" val="{android.support.v7.widget.RecyclerView.ItemAnimator.FLAG_CHANGED, android.support.v7.widget.RecyclerView.ItemAnimator.FLAG_REMOVED, android.support.v7.widget.RecyclerView.ItemAnimator.FLAG_MOVED, android.support.v7.widget.RecyclerView.ItemAnimator.FLAG_INVALIDATED, android.support.v7.widget.RecyclerView.ItemAnimator.FLAG_APPEARED_IN_PRE_LAYOUT}" />
    </annotation>
  </item>
  <item name="android.support.v7.widget.RecyclerView.ItemAnimator.AdapterChanges">
    <annotation name="android.support.annotation.IntDef">
      <val name="flag" val="true" />
      <val name="value" val="{android.support.v7.widget.RecyclerView.ItemAnimator.FLAG_CHANGED, android.support.v7.widget.RecyclerView.ItemAnimator.FLAG_REMOVED, android.support.v7.widget.RecyclerView.ItemAnimator.FLAG_MOVED, android.support.v7.widget.RecyclerView.ItemAnimator.FLAG_INVALIDATED, android.support.v7.widget.RecyclerView.ItemAnimator.FLAG_APPEARED_IN_PRE_LAYOUT}" />
    </annotation>
  </item>
  <item name="android.support.v7.widget.RecyclerView.ItemAnimator.ItemHolderInfo android.support.v7.widget.RecyclerView.ItemAnimator.ItemHolderInfo setFrom(android.support.v7.widget.RecyclerView.ViewHolder, int) 1">
    <annotation name="android.support.annotation.IntDef">
      <val name="flag" val="true" />
      <val name="value" val="{android.support.v7.widget.RecyclerView.ItemAnimator.FLAG_CHANGED, android.support.v7.widget.RecyclerView.ItemAnimator.FLAG_REMOVED, android.support.v7.widget.RecyclerView.ItemAnimator.FLAG_MOVED, android.support.v7.widget.RecyclerView.ItemAnimator.FLAG_INVALIDATED, android.support.v7.widget.RecyclerView.ItemAnimator.FLAG_APPEARED_IN_PRE_LAYOUT}" />
    </annotation>
  </item>
  <item name="android.support.v7.widget.RecyclerView.ItemAnimator.ItemHolderInfo changeFlags">
    <annotation name="android.support.annotation.IntDef">
      <val name="flag" val="true" />
      <val name="value" val="{android.support.v7.widget.RecyclerView.ItemAnimator.FLAG_CHANGED, android.support.v7.widget.RecyclerView.ItemAnimator.FLAG_REMOVED, android.support.v7.widget.RecyclerView.ItemAnimator.FLAG_MOVED, android.support.v7.widget.RecyclerView.ItemAnimator.FLAG_INVALIDATED, android.support.v7.widget.RecyclerView.ItemAnimator.FLAG_APPEARED_IN_PRE_LAYOUT}" />
    </annotation>
  </item>
  <item name="android.support.v7.widget.RecyclerView.State mLayoutStep">
    <annotation name="android.support.annotation.IntDef">
      <val name="flag" val="true" />
      <val name="value" val="{android.support.v7.widget.RecyclerView.State.STEP_START, android.support.v7.widget.RecyclerView.State.STEP_LAYOUT, android.support.v7.widget.RecyclerView.State.STEP_ANIMATIONS}" />
    </annotation>
  </item>
  <item name="android.support.v7.widget.ViewBoundsCheck android.view.View findOneViewWithinBoundFlags(int, int, int, int) 2">
    <annotation name="android.support.annotation.IntDef">
      <val name="flag" val="true" />
      <val name="value" val="{android.support.v7.widget.ViewBoundsCheck.FLAG_CVS_GT_PVS, android.support.v7.widget.ViewBoundsCheck.FLAG_CVS_EQ_PVS, android.support.v7.widget.ViewBoundsCheck.FLAG_CVS_LT_PVS, android.support.v7.widget.ViewBoundsCheck.FLAG_CVS_GT_PVE, android.support.v7.widget.ViewBoundsCheck.FLAG_CVS_EQ_PVE, android.support.v7.widget.ViewBoundsCheck.FLAG_CVS_LT_PVE, android.support.v7.widget.ViewBoundsCheck.FLAG_CVE_GT_PVS, android.support.v7.widget.ViewBoundsCheck.FLAG_CVE_EQ_PVS, android.support.v7.widget.ViewBoundsCheck.FLAG_CVE_LT_PVS, android.support.v7.widget.ViewBoundsCheck.FLAG_CVE_EQ_PVE, android.support.v7.widget.ViewBoundsCheck.FLAG_CVE_EQ_PVE, android.support.v7.widget.ViewBoundsCheck.FLAG_CVE_LT_PVE}" />
    </annotation>
  </item>
  <item name="android.support.v7.widget.ViewBoundsCheck android.view.View findOneViewWithinBoundFlags(int, int, int, int) 3">
    <annotation name="android.support.annotation.IntDef">
      <val name="flag" val="true" />
      <val name="value" val="{android.support.v7.widget.ViewBoundsCheck.FLAG_CVS_GT_PVS, android.support.v7.widget.ViewBoundsCheck.FLAG_CVS_EQ_PVS, android.support.v7.widget.ViewBoundsCheck.FLAG_CVS_LT_PVS, android.support.v7.widget.ViewBoundsCheck.FLAG_CVS_GT_PVE, android.support.v7.widget.ViewBoundsCheck.FLAG_CVS_EQ_PVE, android.support.v7.widget.ViewBoundsCheck.FLAG_CVS_LT_PVE, android.support.v7.widget.ViewBoundsCheck.FLAG_CVE_GT_PVS, android.support.v7.widget.ViewBoundsCheck.FLAG_CVE_EQ_PVS, android.support.v7.widget.ViewBoundsCheck.FLAG_CVE_LT_PVS, android.support.v7.widget.ViewBoundsCheck.FLAG_CVE_EQ_PVE, android.support.v7.widget.ViewBoundsCheck.FLAG_CVE_EQ_PVE, android.support.v7.widget.ViewBoundsCheck.FLAG_CVE_LT_PVE}" />
    </annotation>
  </item>
  <item name="android.support.v7.widget.ViewBoundsCheck boolean isViewWithinBoundFlags(android.view.View, int) 1">
    <annotation name="android.support.annotation.IntDef">
      <val name="flag" val="true" />
      <val name="value" val="{android.support.v7.widget.ViewBoundsCheck.FLAG_CVS_GT_PVS, android.support.v7.widget.ViewBoundsCheck.FLAG_CVS_EQ_PVS, android.support.v7.widget.ViewBoundsCheck.FLAG_CVS_LT_PVS, android.support.v7.widget.ViewBoundsCheck.FLAG_CVS_GT_PVE, android.support.v7.widget.ViewBoundsCheck.FLAG_CVS_EQ_PVE, android.support.v7.widget.ViewBoundsCheck.FLAG_CVS_LT_PVE, android.support.v7.widget.ViewBoundsCheck.FLAG_CVE_GT_PVS, android.support.v7.widget.ViewBoundsCheck.FLAG_CVE_EQ_PVS, android.support.v7.widget.ViewBoundsCheck.FLAG_CVE_LT_PVS, android.support.v7.widget.ViewBoundsCheck.FLAG_CVE_EQ_PVE, android.support.v7.widget.ViewBoundsCheck.FLAG_CVE_EQ_PVE, android.support.v7.widget.ViewBoundsCheck.FLAG_CVE_LT_PVE}" />
    </annotation>
  </item>
  <item name="android.support.v7.widget.ViewBoundsCheck.BoundFlags void addFlags(int) 0">
    <annotation name="android.support.annotation.IntDef">
      <val name="flag" val="true" />
      <val name="value" val="{android.support.v7.widget.ViewBoundsCheck.FLAG_CVS_GT_PVS, android.support.v7.widget.ViewBoundsCheck.FLAG_CVS_EQ_PVS, android.support.v7.widget.ViewBoundsCheck.FLAG_CVS_LT_PVS, android.support.v7.widget.ViewBoundsCheck.FLAG_CVS_GT_PVE, android.support.v7.widget.ViewBoundsCheck.FLAG_CVS_EQ_PVE, android.support.v7.widget.ViewBoundsCheck.FLAG_CVS_LT_PVE, android.support.v7.widget.ViewBoundsCheck.FLAG_CVE_GT_PVS, android.support.v7.widget.ViewBoundsCheck.FLAG_CVE_EQ_PVS, android.support.v7.widget.ViewBoundsCheck.FLAG_CVE_LT_PVS, android.support.v7.widget.ViewBoundsCheck.FLAG_CVE_EQ_PVE, android.support.v7.widget.ViewBoundsCheck.FLAG_CVE_EQ_PVE, android.support.v7.widget.ViewBoundsCheck.FLAG_CVE_LT_PVE}" />
    </annotation>
  </item>
  <item name="android.support.v7.widget.ViewBoundsCheck.BoundFlags void setFlags(int, int) 0">
    <annotation name="android.support.annotation.IntDef">
      <val name="flag" val="true" />
      <val name="value" val="{android.support.v7.widget.ViewBoundsCheck.FLAG_CVS_GT_PVS, android.support.v7.widget.ViewBoundsCheck.FLAG_CVS_EQ_PVS, android.support.v7.widget.ViewBoundsCheck.FLAG_CVS_LT_PVS, android.support.v7.widget.ViewBoundsCheck.FLAG_CVS_GT_PVE, android.support.v7.widget.ViewBoundsCheck.FLAG_CVS_EQ_PVE, android.support.v7.widget.ViewBoundsCheck.FLAG_CVS_LT_PVE, android.support.v7.widget.ViewBoundsCheck.FLAG_CVE_GT_PVS, android.support.v7.widget.ViewBoundsCheck.FLAG_CVE_EQ_PVS, android.support.v7.widget.ViewBoundsCheck.FLAG_CVE_LT_PVS, android.support.v7.widget.ViewBoundsCheck.FLAG_CVE_EQ_PVE, android.support.v7.widget.ViewBoundsCheck.FLAG_CVE_EQ_PVE, android.support.v7.widget.ViewBoundsCheck.FLAG_CVE_LT_PVE}" />
    </annotation>
  </item>
  <item name="android.support.v7.widget.ViewBoundsCheck.ViewBounds">
    <annotation name="android.support.annotation.IntDef">
      <val name="flag" val="true" />
      <val name="value" val="{android.support.v7.widget.ViewBoundsCheck.FLAG_CVS_GT_PVS, android.support.v7.widget.ViewBoundsCheck.FLAG_CVS_EQ_PVS, android.support.v7.widget.ViewBoundsCheck.FLAG_CVS_LT_PVS, android.support.v7.widget.ViewBoundsCheck.FLAG_CVS_GT_PVE, android.support.v7.widget.ViewBoundsCheck.FLAG_CVS_EQ_PVE, android.support.v7.widget.ViewBoundsCheck.FLAG_CVS_LT_PVE, android.support.v7.widget.ViewBoundsCheck.FLAG_CVE_GT_PVS, android.support.v7.widget.ViewBoundsCheck.FLAG_CVE_EQ_PVS, android.support.v7.widget.ViewBoundsCheck.FLAG_CVE_LT_PVS, android.support.v7.widget.ViewBoundsCheck.FLAG_CVE_EQ_PVE, android.support.v7.widget.ViewBoundsCheck.FLAG_CVE_EQ_PVE, android.support.v7.widget.ViewBoundsCheck.FLAG_CVE_LT_PVE}" />
    </annotation>
  </item>
</root>

